episode_length,episode_reward,frame,step,total_time
1000.0,23.054176003829358,0,0.0,7.796287536621094e-05
